ID,Gender,Year Group,How would you describe your personality?,What time do you typically go to bed on weeknights?,Where do you prefer to do homework/study?,What do you enjoy doing for fun?,Do you enjoy having friends over in your room?,How would your friends describe you in one word?,cluster
7,Female,Class of 2025,Somewhere in between,After Midnight (12AM),In the room,Going for events on/off-campus,"Not really, but I don't mind",Friendly,3
10,Female,Class of 2027,Somewhere in between,Between 10PM and Midnight (12AM),In the room,Relaxing/Sleeping,"Yup, but not always",Friendly,0
11,Female,Class of 2027,Somewhere in between,After Midnight (12AM),In the room,Relaxing/Sleeping,"Yup, but not always",Responsible,11
14,Female,Class of 2027,I am introverted,Between 10PM and Midnight (12AM),In the room,Hanging out with friends,"Yup, all the time",Chill,6
15,Female,Class of 2027,Somewhere in between,Between 10PM and Midnight (12AM),Away from the room,Relaxing/Sleeping,"Yup, but not always",Fun,7
16,Female,Class of 2027,I am introverted,Between 10PM and Midnight (12AM),In the room,Relaxing/Sleeping,Nope!,Organized,10
17,Female,Class of 2027,I am extroverted,After Midnight (12AM),In the room,Hanging out with friends,"Not really, but I don't mind",Friendly,5
18,Female,Class of 2025,I am introverted,Between 10PM and Midnight (12AM),In the room,Relaxing/Sleeping,"Not really, but I don't mind",Chill,10
19,Female,Class of 2027,I am introverted,After Midnight (12AM),In the room,Relaxing/Sleeping,Nope!,Fun,4
20,Female,Class of 2027,Somewhere in between,After Midnight (12AM),In the room,Going for events on/off-campus,"Not really, but I don't mind",Friendly,5
21,Female,Class of 2027,I am introverted,Between 10PM and Midnight (12AM),In the room,Relaxing/Sleeping,"Yup, all the time",Organized,10
22,Female,Class of 2027,I am extroverted,After Midnight (12AM),Away from the room,Relaxing/Sleeping,"Yup, all the time",Friendly,14
23,Female,Class of 2027,Somewhere in between,10PM or earlier,In the room,Hanging out with friends,"Yup, but not always",Organized,0
24,Female,Class of 2025,I am introverted,10PM or earlier,Away from the room,Relaxing/Sleeping,"Yup, but not always",Friendly,8
29,Female,Class of 2027,I am extroverted,After Midnight (12AM),In the room,Hanging out with friends,"Yup, but not always",Friendly,5
32,Female,Class of 2025,I am introverted,After Midnight (12AM),In the room,Relaxing/Sleeping,Nope!,Responsible,2
33,Female,Class of 2026,Somewhere in between,After Midnight (12AM),In the room,Relaxing/Sleeping,"Not really, but I don't mind",Friendly,3
34,Female,Class of 2025,I am introverted,Between 10PM and Midnight (12AM),In the room,Relaxing/Sleeping,"Yup, all the time",Friendly,8
35,Female,Class of 2025,Somewhere in between,Between 10PM and Midnight (12AM),In the room,Relaxing/Sleeping,"Yup, but not always",Friendly,0
37,Female,Class of 2026,Somewhere in between,After Midnight (12AM),Away from the room,Relaxing/Sleeping,"Yup, but not always",Fun,7
38,Female,Class of 2026,I am introverted,After Midnight (12AM),In the room,Relaxing/Sleeping,"Not really, but I don't mind",Organized,1
39,Female,Class of 2026,Somewhere in between,After Midnight (12AM),Away from the room,Hanging out with friends,"Not really, but I don't mind",Chill,1
40,Female,Class of 2026,Somewhere in between,Between 10PM and Midnight (12AM),Away from the room,Relaxing/Sleeping,"Not really, but I don't mind",Friendly,9
41,Female,Class of 2027,I am introverted,Between 10PM and Midnight (12AM),In the room,Hanging out with friends,"Yup, all the time",Responsible,6
42,Female,Class of 2025,Somewhere in between,After Midnight (12AM),In the room,Relaxing/Sleeping,"Yup, but not always",Friendly,0
43,Female,Class of 2026,Somewhere in between,After Midnight (12AM),Away from the room,Relaxing/Sleeping,"Yup, but not always",Chill,1
44,Female,Class of 2025,Somewhere in between,Between 10PM and Midnight (12AM),In the room,Relaxing/Sleeping,"Yup, but not always",Friendly,0
45,Female,Class of 2026,I am extroverted,After Midnight (12AM),Away from the room,Relaxing/Sleeping,Nope!,Responsible,1
46,Female,Class of 2025,Somewhere in between,After Midnight (12AM),Away from the room,Hanging out with friends,"Yup, but not always",Friendly,7
47,Female,Class of 2026,I am introverted,Between 10PM and Midnight (12AM),In the room,Relaxing/Sleeping,Nope!,Organized,10
48,Female,Class of 2027,I am extroverted,Between 10PM and Midnight (12AM),In the room,Relaxing/Sleeping,"Yup, but not always",Friendly,0
49,Female,Class of 2025,Somewhere in between,Between 10PM and Midnight (12AM),In the room,Relaxing/Sleeping,"Yup, but not always",Organized,0
53,Female,Class of 2027,Somewhere in between,Between 10PM and Midnight (12AM),In the room,Relaxing/Sleeping,"Yup, but not always",Responsible,0
54,Female,Class of 2027,Somewhere in between,Between 10PM and Midnight (12AM),In the room,Relaxing/Sleeping,"Not really, but I don't mind",Friendly,0
55,Female,Class of 2027,I am introverted,Between 10PM and Midnight (12AM),Away from the room,Relaxing/Sleeping,"Not really, but I don't mind",Chill,1
58,Female,Class of 2026,I am introverted,Between 10PM and Midnight (12AM),Away from the room,Hanging out with friends,"Not really, but I don't mind",Friendly,9
59,Female,Class of 2027,Somewhere in between,Between 10PM and Midnight (12AM),In the room,Relaxing/Sleeping,"Yup, but not always",Organized,0
60,Female,Class of 2027,I am introverted,Between 10PM and Midnight (12AM),In the room,Relaxing/Sleeping,"Not really, but I don't mind",Organized,10
61,Female,Class of 2025,I am introverted,After Midnight (12AM),In the room,Relaxing/Sleeping,"Yup, but not always",Chill,2
63,Female,Class of 2026,Somewhere in between,After Midnight (12AM),Away from the room,Relaxing/Sleeping,"Not really, but I don't mind",Friendly,9
64,Female,Class of 2026,Somewhere in between,Between 10PM and Midnight (12AM),In the room,Going for events on/off-campus,"Yup, but not always",Chill,12
65,Female,Class of 2025,I am introverted,After Midnight (12AM),In the room,Hanging out with friends,"Yup, all the time",Friendly,2
66,Female,Class of 2027,I am introverted,Between 10PM and Midnight (12AM),In the room,Relaxing/Sleeping,"Not really, but I don't mind",Friendly,10
68,Female,Class of 2025,Somewhere in between,After Midnight (12AM),Away from the room,Relaxing/Sleeping,Nope!,Responsible,15
70,Female,Class of 2026,I am introverted,After Midnight (12AM),Away from the room,Relaxing/Sleeping,"Yup, but not always",Responsible,1
71,Female,Class of 2026,Somewhere in between,Between 10PM and Midnight (12AM),In the room,Relaxing/Sleeping,"Yup, all the time",Fun,12
72,Female,Class of 2025,Somewhere in between,After Midnight (12AM),In the room,Relaxing/Sleeping,"Yup, but not always",Organized,2
73,Female,Class of 2026,Somewhere in between,After Midnight (12AM),In the room,Relaxing/Sleeping,"Yup, but not always",Fun,11
76,Female,Class of 2026,I am introverted,Between 10PM and Midnight (12AM),In the room,Relaxing/Sleeping,"Yup, all the time",Responsible,13
79,Female,Class of 2027,Somewhere in between,Between 10PM and Midnight (12AM),In the room,Relaxing/Sleeping,"Yup, but not always",Fun,0
81,Female,Class of 2025,I am extroverted,After Midnight (12AM),In the room,Relaxing/Sleeping,"Yup, but not always",Responsible,2
82,Female,Class of 2027,Somewhere in between,After Midnight (12AM),In the room,Relaxing/Sleeping,"Yup, but not always",Friendly,0
88,Female,Class of 2025,Somewhere in between,Between 10PM and Midnight (12AM),In the room,Relaxing/Sleeping,"Yup, but not always",Friendly,0
89,Female,Class of 2026,I am introverted,Between 10PM and Midnight (12AM),In the room,Relaxing/Sleeping,"Yup, but not always",Friendly,13
91,Female,Class of 2025,I am introverted,10PM or earlier,In the room,Relaxing/Sleeping,"Yup, but not always",Organized,2
92,Female,Class of 2027,I am extroverted,After Midnight (12AM),In the room,Relaxing/Sleeping,Nope!,Organized,4
93,Female,Class of 2026,Somewhere in between,Between 10PM and Midnight (12AM),In the room,Relaxing/Sleeping,"Yup, but not always",Responsible,11
96,Female,Class of 2026,Somewhere in between,After Midnight (12AM),In the room,Relaxing/Sleeping,"Not really, but I don't mind",Chill,12
97,Female,Class of 2026,I am introverted,After Midnight (12AM),In the room,Relaxing/Sleeping,Nope!,Chill,4
98,Female,Class of 2025,I am extroverted,After Midnight (12AM),In the room,Hanging out with friends,"Not really, but I don't mind",Friendly,5
99,Female,Class of 2025,I am introverted,Between 10PM and Midnight (12AM),In the room,Relaxing/Sleeping,Nope!,Organized,2
100,Female,Class of 2027,I am introverted,After Midnight (12AM),In the room,Relaxing/Sleeping,"Not really, but I don't mind",Responsible,4
102,Female,Class of 2027,I am introverted,After Midnight (12AM),In the room,Relaxing/Sleeping,"Yup, but not always",Responsible,2
105,Female,Class of 2026,Somewhere in between,Between 10PM and Midnight (12AM),In the room,Relaxing/Sleeping,Nope!,Organized,12
106,Female,Class of 2025,I am extroverted,Between 10PM and Midnight (12AM),Away from the room,Going for events on/off-campus,Nope!,Friendly,8
108,Female,Class of 2026,I am introverted,Between 10PM and Midnight (12AM),In the room,Relaxing/Sleeping,Nope!,Organized,10
117,Female,Class of 2027,I am introverted,Between 10PM and Midnight (12AM),In the room,Relaxing/Sleeping,"Yup, but not always",Responsible,0
118,Female,Class of 2025,I am extroverted,Between 10PM and Midnight (12AM),Away from the room,Hanging out with friends,"Yup, but not always",Friendly,8
119,Female,Class of 2026,Somewhere in between,Between 10PM and Midnight (12AM),In the room,Relaxing/Sleeping,Nope!,Friendly,0
120,Female,Class of 2024,I am introverted,Between 10PM and Midnight (12AM),In the room,Relaxing/Sleeping,"Yup, but not always",Organized,2
122,Female,Class of 2026,I am introverted,Between 10PM and Midnight (12AM),In the room,Relaxing/Sleeping,"Not really, but I don't mind",Chill,12
123,Female,Class of 2026,Somewhere in between,After Midnight (12AM),In the room,Hanging out with friends,"Not really, but I don't mind",Friendly,5
124,Female,Class of 2027,Somewhere in between,Between 10PM and Midnight (12AM),Away from the room,Relaxing/Sleeping,"Yup, but not always",Organized,16
125,Female,Class of 2027,I am introverted,Between 10PM and Midnight (12AM),In the room,Relaxing/Sleeping,"Not really, but I don't mind",Organized,10
128,Female,Class of 2027,I am introverted,Between 10PM and Midnight (12AM),In the room,Relaxing/Sleeping,"Not really, but I don't mind",Chill,10
129,Female,Class of 2025,Somewhere in between,After Midnight (12AM),In the room,Hanging out with friends,"Yup, but not always",Organized,2
130,Female,Class of 2026,Somewhere in between,Between 10PM and Midnight (12AM),Away from the room,Relaxing/Sleeping,"Not really, but I don't mind",Friendly,9
132,Female,Class of 2025,Somewhere in between,After Midnight (12AM),In the room,Relaxing/Sleeping,Nope!,Organized,2
136,Female,Class of 2026,I am introverted,After Midnight (12AM),In the room,Relaxing/Sleeping,"Not really, but I don't mind",Friendly,1
137,Female,Class of 2027,I am introverted,Between 10PM and Midnight (12AM),In the room,Relaxing/Sleeping,"Not really, but I don't mind",Chill,10
138,Female,Class of 2025,I am introverted,After Midnight (12AM),In the room,Relaxing/Sleeping,Nope!,Fun,2
139,Female,class of 2024,I am introverted,Between 10PM and Midnight (12AM),Away from the room,Hanging out with friends,"Yup, but not always",Friendly,8
141,Female,Class of 2027,I am introverted,Between 10PM and Midnight (12AM),In the room,Relaxing/Sleeping,Nope!,Organized,10
158,Female,Class of 2027,I am introverted,After Midnight (12AM),Away from the room,Relaxing/Sleeping,"Not really, but I don't mind",Friendly,14
159,Female,Class of 2027,Somewhere in between,Between 10PM and Midnight (12AM),Away from the room,Going for events on/off-campus,"Yup, but not always",Fun,7
160,Female,Class of 2027,Somewhere in between,After Midnight (12AM),In the room,Hanging out with friends,"Yup, but not always",Friendly,0
161,Female,Class of 2026,Somewhere in between,Between 10PM and Midnight (12AM),In the room,Hanging out with friends,"Yup, but not always",Fun,13
162,Female,Class of 2027,Somewhere in between,10PM or earlier,In the room,Relaxing/Sleeping,Nope!,Organized,0
164,Female,Class of 2025,I am introverted,After Midnight (12AM),In the room,Relaxing/Sleeping,"Not really, but I don't mind",Friendly,2
165,Female,Class of 2026,Somewhere in between,After Midnight (12AM),In the room,Hanging out with friends,"Not really, but I don't mind",Friendly,5
166,Female,Class of 2027,Somewhere in between,After Midnight (12AM),In the room,Relaxing/Sleeping,"Yup, but not always",Friendly,0
167,Female,Class of 2027,Somewhere in between,After Midnight (12AM),Away from the room,Relaxing/Sleeping,"Yup, but not always",Responsible,7
168,Female,Class of 2027,Somewhere in between,Between 10PM and Midnight (12AM),In the room,Relaxing/Sleeping,"Not really, but I don't mind",Friendly,0
170,Female,Class of 2025,I am extroverted,After Midnight (12AM),Away from the room,Hanging out with friends,"Not really, but I don't mind",Friendly,5
171,Female,Class of 2025,Somewhere in between,After Midnight (12AM),In the room,Relaxing/Sleeping,"Not really, but I don't mind",Organized,3
173,Female,Class of 2027,Somewhere in between,Between 10PM and Midnight (12AM),Away from the room,Relaxing/Sleeping,"Not really, but I don't mind",Chill,9
174,Female,Class of 2026,Somewhere in between,Between 10PM and Midnight (12AM),In the room,Relaxing/Sleeping,"Yup, but not always",Friendly,0
176,Female,Class of 2025,Somewhere in between,Between 10PM and Midnight (12AM),In the room,Relaxing/Sleeping,"Yup, but not always",Friendly,0
177,Female,Class of 2025,Somewhere in between,Between 10PM and Midnight (12AM),In the room,Relaxing/Sleeping,"Not really, but I don't mind",Chill,12
178,Female,Class of 2026,I am extroverted,Between 10PM and Midnight (12AM),In the room,Hanging out with friends,"Not really, but I don't mind",Chill,12
179,Female,Class of 2027,Somewhere in between,After Midnight (12AM),Away from the room,Hanging out with friends,"Not really, but I don't mind",Fun,7
180,Female,Class of 2027,Somewhere in between,After Midnight (12AM),In the room,Hanging out with friends,"Yup, but not always",Friendly,0
181,Female,Class of 2027,I am introverted,Between 10PM and Midnight (12AM),In the room,Hanging out with friends,"Yup, all the time",Fun,6
182,Female,Class of 2027,Somewhere in between,Between 10PM and Midnight (12AM),In the room,Relaxing/Sleeping,Nope!,Organized,0
183,Female,Class of 2027,I am extroverted,After Midnight (12AM),In the room,Relaxing/Sleeping,Nope!,Fun,4
184,Female,Class of 2027,Somewhere in between,After Midnight (12AM),In the room,Relaxing/Sleeping,"Not really, but I don't mind",Friendly,14
188,Female,Class of 2027,I am introverted,Between 10PM and Midnight (12AM),Away from the room,Relaxing/Sleeping,"Yup, but not always",Responsible,8
189,Female,Class of 2025,Somewhere in between,After Midnight (12AM),Away from the room,Relaxing/Sleeping,"Not really, but I don't mind",Responsible,3
193,Female,Class of 2026,I am introverted,Between 10PM and Midnight (12AM),In the room,Relaxing/Sleeping,"Not really, but I don't mind",Organized,10
195,Female,Class of 2026,I am extroverted,10PM or earlier,In the room,Hanging out with friends,"Yup, all the time",Friendly,5
198,Female,Class of 2027,I am extroverted,After Midnight (12AM),Away from the room,Relaxing/Sleeping,"Yup, but not always",Friendly,7
199,Female,Class of 2024,Somewhere in between,Between 10PM and Midnight (12AM),In the room,Relaxing/Sleeping,"Not really, but I don't mind",Friendly,0
200,Female,Class of 2027,Somewhere in between,Between 10PM and Midnight (12AM),In the room,Relaxing/Sleeping,"Yup, but not always",Responsible,0
202,Female,Class of 2026,Somewhere in between,After Midnight (12AM),In the room,Relaxing/Sleeping,"Yup, but not always",Friendly,11
203,Female,Class of 2027,I am introverted,After Midnight (12AM),In the room,Relaxing/Sleeping,"Not really, but I don't mind",Fun,3
205,Female,Class of 2027,Somewhere in between,After Midnight (12AM),Away from the room,Relaxing/Sleeping,"Yup, but not always",Fun,7
206,Female,Class of 2026,I am extroverted,After Midnight (12AM),In the room,Hanging out with friends,"Yup, but not always",Chill,5
207,Female,Class of 2025,I am introverted,After Midnight (12AM),In the room,Hanging out with friends,"Yup, but not always",Organized,2
208,Female,Class of 2027,I am introverted,After Midnight (12AM),In the room,Relaxing/Sleeping,Nope!,Chill,4
213,Female,Class of 2027,I am introverted,Between 10PM and Midnight (12AM),In the room,Relaxing/Sleeping,"Not really, but I don't mind",Friendly,10
214,Female,Class of 2025,Somewhere in between,Between 10PM and Midnight (12AM),In the room,Relaxing/Sleeping,Nope!,Responsible,15
215,Female,Class of 2025,Somewhere in between,After Midnight (12AM),In the room,Relaxing/Sleeping,"Yup, but not always",Chill,2
216,Female,Class of 2027,Somewhere in between,Between 10PM and Midnight (12AM),In the room,Relaxing/Sleeping,"Not really, but I don't mind",Friendly,0
217,Female,Class of 2027,I am introverted,Between 10PM and Midnight (12AM),In the room,Relaxing/Sleeping,Nope!,Organized,10
218,Female,Class of 2027,Somewhere in between,After Midnight (12AM),In the room,Relaxing/Sleeping,"Yup, but not always",Friendly,0
219,Female,Class of 2027,Somewhere in between,Between 10PM and Midnight (12AM),In the room,Relaxing/Sleeping,Nope!,Friendly,0
220,Female,Class of 2027,I am extroverted,Between 10PM and Midnight (12AM),In the room,Hanging out with friends,"Not really, but I don't mind",Friendly,5
222,Female,Class of 2025,I am introverted,Between 10PM and Midnight (12AM),In the room,Hanging out with friends,"Yup, but not always",Responsible,2
224,Female,Class of 2027,Somewhere in between,After Midnight (12AM),In the room,Relaxing/Sleeping,"Yup, but not always",Friendly,0
225,Female,Class of 2025,Somewhere in between,After Midnight (12AM),Away from the room,Relaxing/Sleeping,"Not really, but I don't mind",Friendly,14
226,Female,Class of 2026,I am introverted,10PM or earlier,In the room,Relaxing/Sleeping,"Not really, but I don't mind",Organized,10
227,Female,Class of 2026,Somewhere in between,Between 10PM and Midnight (12AM),In the room,Relaxing/Sleeping,"Not really, but I don't mind",Chill,12
229,Female,Class of 2026,Somewhere in between,10PM or earlier,Away from the room,Hanging out with friends,"Yup, but not always",Organized,16
230,Female,Class of 2027,I am introverted,Between 10PM and Midnight (12AM),In the room,Relaxing/Sleeping,Nope!,Chill,4
231,Female,Class of 2027,I am extroverted,After Midnight (12AM),Away from the room,Hanging out with friends,"Yup, but not always",Organized,5
232,Female,Class of 2025,I am introverted,Between 10PM and Midnight (12AM),In the room,Relaxing/Sleeping,Nope!,No idea,15
237,Female,Class of 2026,I am introverted,Between 10PM and Midnight (12AM),In the room,Relaxing/Sleeping,"Not really, but I don't mind",Organized,10
239,Female,Class of 2027,Somewhere in between,Between 10PM and Midnight (12AM),In the room,Relaxing/Sleeping,"Yup, but not always",Friendly,0
246,Female,Class of 2025,I am introverted,After Midnight (12AM),In the room,Hanging out with friends,"Yup, but not always",Responsible,2
247,Female,Class of 2026,I am introverted,After Midnight (12AM),In the room,Relaxing/Sleeping,"Not really, but I don't mind",Friendly,1
249,Female,Class of 2027,I am extroverted,Between 10PM and Midnight (12AM),In the room,Hanging out with friends,"Yup, but not always",Friendly,0
250,Female,Class of 2025,I am introverted,After Midnight (12AM),In the room,Relaxing/Sleeping,"Not really, but I don't mind",Responsible,2
253,Female,Class of 2025,Somewhere in between,After Midnight (12AM),In the room,Relaxing/Sleeping,"Not really, but I don't mind",Chill,3
254,Female,Class of 2027,I am extroverted,Between 10PM and Midnight (12AM),Away from the room,Hanging out with friends,"Yup, all the time",Responsible,6
255,Female,Class of 2026,Somewhere in between,After Midnight (12AM),In the room,Hanging out with friends,"Not really, but I don't mind",Organized,3
256,Female,Class of 2027,I am introverted,10PM or earlier,In the room,Relaxing/Sleeping,"Not really, but I don't mind",Friendly,10
258,Female,Class of 2025,I am introverted,After Midnight (12AM),In the room,Relaxing/Sleeping,"Yup, but not always",Organized,2
259,Female,Class of 2027,Somewhere in between,Between 10PM and Midnight (12AM),In the room,Relaxing/Sleeping,Nope!,Responsible,15
264,Female,Class of 2027,I am introverted,Between 10PM and Midnight (12AM),In the room,Relaxing/Sleeping,"Yup, but not always","fun, responsible and organized",0
265,Female,Class of 2027,Somewhere in between,Between 10PM and Midnight (12AM),In the room,Relaxing/Sleeping,"Yup, but not always",Fun,0
269,Female,Class of 2026,Somewhere in between,Between 10PM and Midnight (12AM),Away from the room,Hanging out with friends,"Not really, but I don't mind",Chill,9
270,Female,Class of 2025,Somewhere in between,After Midnight (12AM),In the room,Relaxing/Sleeping,"Yup, all the time",All the above mentioned ,3
274,Female,Class of 2027,I am introverted,10PM or earlier,In the room,Relaxing/Sleeping,"Not really, but I don't mind",Calm,10
275,Female,Class of 2026,I am introverted,After Midnight (12AM),Away from the room,Relaxing/Sleeping,"Not really, but I don't mind",Chill,1
276,Female,Class of 2025,I am introverted,10PM or earlier,In the room,Relaxing/Sleeping,"Yup, but not always",Friendly,2
278,Female,Class of 2025,I am introverted,After Midnight (12AM),In the room,Relaxing/Sleeping,"Not really, but I don't mind",Organized,2
282,Female,Class of 2026,I am introverted,After Midnight (12AM),Away from the room,Relaxing/Sleeping,Nope!,Chill,1
283,Female,Class of 2026,Somewhere in between,Between 10PM and Midnight (12AM),In the room,Relaxing/Sleeping,"Not really, but I don't mind",Organized,12
289,Female,Class of 2027,I am introverted,After Midnight (12AM),In the room,Relaxing/Sleeping,"Not really, but I don't mind",Organized,10
290,Female,Class of 2027,Somewhere in between,Between 10PM and Midnight (12AM),Away from the room,Relaxing/Sleeping,"Yup, all the time",Friendly,0
293,Female,Class of 2025,Somewhere in between,10PM or earlier,In the room,Relaxing/Sleeping,"Not really, but I don't mind",Fun,3
294,Female,Class of 2026,I am introverted,Between 10PM and Midnight (12AM),In the room,Relaxing/Sleeping,"Yup, but not always",Fun,13
295,Female,Class of 2026,Somewhere in between,After Midnight (12AM),In the room,Relaxing/Sleeping,"Not really, but I don't mind",Organized,3
296,Female,Class of 2026,Somewhere in between,After Midnight (12AM),Away from the room,Going for events on/off-campus,Nope!,Friendly,9
297,Female,Class of 2025,I am introverted,After Midnight (12AM),In the room,Relaxing/Sleeping,Nope!,Organized,2
298,Female,Class of 2027,Somewhere in between,Between 10PM and Midnight (12AM),In the room,Relaxing/Sleeping,"Yup, but not always",Chill,0
299,Female,Class of 2027,Somewhere in between,After Midnight (12AM),Away from the room,Going for events on/off-campus,"Yup, but not always",Friendly,7
300,Female,Class of 2027,Somewhere in between,After Midnight (12AM),Away from the room,Relaxing/Sleeping,"Yup, but not always",Responsible,7
301,Female,Class of 2026,I am extroverted,Between 10PM and Midnight (12AM),In the room,Hanging out with friends,"Not really, but I don't mind",Friendly,5
302,Female,Class of 2027,I am introverted,Between 10PM and Midnight (12AM),In the room,Relaxing/Sleeping,"Yup, but not always",Friendly,0
303,Female,Class of 2027,Somewhere in between,Between 10PM and Midnight (12AM),In the room,Relaxing/Sleeping,"Yup, but not always",Friendly,0
304,Female,Class of 2027,I am introverted,Between 10PM and Midnight (12AM),In the room,Relaxing/Sleeping,"Not really, but I don't mind",Responsible,10
305,Female,Class of 2025,Somewhere in between,After Midnight (12AM),In the room,Relaxing/Sleeping,"Not really, but I don't mind",Chill,3
307,Female,Class of 2027,Somewhere in between,After Midnight (12AM),In the room,Relaxing/Sleeping,"Yup, but not always",Responsible,11
308,Female,Class of 2025,Somewhere in between,Between 10PM and Midnight (12AM),In the room,Hanging out with friends,"Yup, but not always",Friendly,0
309,Female,Class of 2027,Somewhere in between,After Midnight (12AM),In the room,Relaxing/Sleeping,"Yup, but not always",Fun,7
310,Female,Class of 2027,I am introverted,Between 10PM and Midnight (12AM),In the room,Relaxing/Sleeping,"Not really, but I don't mind",Organized,10
311,Female,Class of 2027,Somewhere in between,Between 10PM and Midnight (12AM),In the room,Hanging out with friends,"Yup, but not always",Responsible,0
312,Female,Class of 2027,Somewhere in between,After Midnight (12AM),In the room,Relaxing/Sleeping,"Yup, but not always",Friendly,0
314,Female,Class of 2027,Somewhere in between,10PM or earlier,In the room,Hanging out with friends,"Yup, but not always",Responsible,0
315,Female,Class of 2025,Somewhere in between,Between 10PM and Midnight (12AM),In the room,Relaxing/Sleeping,"Yup, but not always",Chill,0
316,Female,Class of 2027,I am introverted,Between 10PM and Midnight (12AM),In the room,Relaxing/Sleeping,"Yup, but not always",Friendly,0
318,Female,Class of 2025,Somewhere in between,Between 10PM and Midnight (12AM),In the room,Relaxing/Sleeping,"Yup, but not always",Organized,0
320,Female,Class of 2026,Somewhere in between,Between 10PM and Midnight (12AM),Away from the room,Relaxing/Sleeping,"Yup, but not always",Friendly,9
321,Female,Class of 2027,Somewhere in between,Between 10PM and Midnight (12AM),In the room,Relaxing/Sleeping,"Not really, but I don't mind",Friendly,0
322,Female,Class of 2026,I am introverted,Between 10PM and Midnight (12AM),In the room,Relaxing/Sleeping,"Yup, but not always",Chill,13
323,Female,Class of 2027,Somewhere in between,After Midnight (12AM),Away from the room,Relaxing/Sleeping,Nope!,Organized,7
325,Female,Class of 2025,I am introverted,After Midnight (12AM),In the room,Relaxing/Sleeping,"Not really, but I don't mind",Friendly,2
326,Female,Class of 2026,Somewhere in between,After Midnight (12AM),Away from the room,Relaxing/Sleeping,"Yup, but not always",Organized,16
329,Female,Class of 2027,I am introverted,After Midnight (12AM),In the room,Relaxing/Sleeping,"Yup, but not always",Friendly,0
330,Female,Class of 2027,Somewhere in between,After Midnight (12AM),Away from the room,Going for events on/off-campus,"Yup, but not always",Chill,7
332,Female,Class of 2027,I am introverted,After Midnight (12AM),In the room,Relaxing/Sleeping,"Yup, but not always",Chill,4
336,Female,Class of 2026,I am introverted,After Midnight (12AM),Away from the room,Hanging out with friends,"Yup, but not always",Chill,1
337,Female,Class of 2026,Somewhere in between,After Midnight (12AM),In the room,Relaxing/Sleeping,"Not really, but I don't mind",Fun,3
338,Female,Class of 2027,Somewhere in between,Between 10PM and Midnight (12AM),In the room,Relaxing/Sleeping,"Not really, but I don't mind",Responsible,0
339,Female,Class of 2026,I am introverted,After Midnight (12AM),In the room,Relaxing/Sleeping,Nope!,Friendly,4
340,Female,Class of 2025,Somewhere in between,After Midnight (12AM),In the room,Relaxing/Sleeping,"Yup, but not always",Friendly,0
341,Female,Class of 2027,Somewhere in between,Between 10PM and Midnight (12AM),Away from the room,Relaxing/Sleeping,"Yup, but not always",Organized,16
343,Female,Class of 2026,Somewhere in between,After Midnight (12AM),In the room,Relaxing/Sleeping,"Yup, but not always",Responsible,11
346,Female,Class of 2026,Somewhere in between,Between 10PM and Midnight (12AM),In the room,Relaxing/Sleeping,"Not really, but I don't mind",Friendly,9
348,Female,Class of 2025,Somewhere in between,After Midnight (12AM),In the room,Hanging out with friends,"Yup, but not always",Organized,2
351,Female,Class of 2025,I am introverted,After Midnight (12AM),In the room,Relaxing/Sleeping,"Yup, but not always",Chill,2
353,Female,Class of 2026,I am introverted,Between 10PM and Midnight (12AM),Away from the room,Relaxing/Sleeping,"Yup, but not always",Friendly,8
354,Female,Class of 2027,I am extroverted,Between 10PM and Midnight (12AM),In the room,Hanging out with friends,"Yup, all the time",Friendly,5
355,Female,Class of 2027,I am extroverted,Between 10PM and Midnight (12AM),In the room,Relaxing/Sleeping,"Yup, but not always",Friendly,0
356,Female,Class of 2027,Somewhere in between,After Midnight (12AM),Away from the room,Relaxing/Sleeping,"Yup, but not always",Fun,7
357,Female,Class of 2027,Somewhere in between,Between 10PM and Midnight (12AM),In the room,Relaxing/Sleeping,"Yup, but not always",Chill,0
358,Female,Class of 2026,I am introverted,Between 10PM and Midnight (12AM),In the room,Relaxing/Sleeping,Nope!,Chill,4
359,Female,Class of 2027,Somewhere in between,Between 10PM and Midnight (12AM),In the room,Relaxing/Sleeping,"Yup, but not always",Friendly,0
360,Female,Class of 2027,I am extroverted,Between 10PM and Midnight (12AM),Away from the room,Relaxing/Sleeping,"Yup, all the time",Friendly,0
361,Female,Class of 2027,I am extroverted,10PM or earlier,In the room,Going for events on/off-campus,"Yup, all the time",Fun,6
362,Female,Class of 2026,Somewhere in between,Between 10PM and Midnight (12AM),Away from the room,Hanging out with friends,"Not really, but I don't mind",Friendly,9
363,Female,Class of 2027,Somewhere in between,Between 10PM and Midnight (12AM),In the room,Relaxing/Sleeping,Nope!,Friendly,0
365,Female,Class of 2025,I am introverted,After Midnight (12AM),In the room,Relaxing/Sleeping,Nope!,Chill,4
366,Female,Class of 2027,Somewhere in between,Between 10PM and Midnight (12AM),In the room,Relaxing/Sleeping,"Yup, all the time",Fun,0
367,Female,Class of 2026,Somewhere in between,Between 10PM and Midnight (12AM),Away from the room,Going for events on/off-campus,"Yup, but not always",Chill,16
368,Female,Class of 2025,Somewhere in between,Between 10PM and Midnight (12AM),In the room,Relaxing/Sleeping,"Yup, but not always",Chill,0
370,Female,Class of 2026,I am introverted,After Midnight (12AM),In the room,Relaxing/Sleeping,"Not really, but I don't mind",Fun,1
372,Female,Class of 2025,I am introverted,Between 10PM and Midnight (12AM),In the room,Relaxing/Sleeping,"Yup, but not always",Chill,2
373,Female,Class of 2026,I am introverted,10PM or earlier,In the room,Relaxing/Sleeping,Nope!,Organized,2
375,Female,Class of 2025,I am introverted,After Midnight (12AM),Away from the room,Relaxing/Sleeping,"Not really, but I don't mind",Friendly,1
376,Female,Class of 2025,Somewhere in between,Between 10PM and Midnight (12AM),In the room,Relaxing/Sleeping,"Yup, but not always",Responsible,15
377,Female,Class of 2026,I am introverted,After Midnight (12AM),In the room,Relaxing/Sleeping,"Yup, but not always",Organized,2
379,Female,Class of 2027,I am introverted,Between 10PM and Midnight (12AM),In the room,Relaxing/Sleeping,Nope!,Friendly,0
382,Female,Class of 2027,I am introverted,Between 10PM and Midnight (12AM),In the room,Relaxing/Sleeping,"Yup, but not always",Chill,0
386,Female,Class of 2027,I am introverted,After Midnight (12AM),In the room,Relaxing/Sleeping,Nope!,Organized,4
390,Female,Class of 2025,Somewhere in between,After Midnight (12AM),In the room,Relaxing/Sleeping,"Yup, but not always",Organized,2
391,Female,Class of 2025,I am introverted,After Midnight (12AM),In the room,Relaxing/Sleeping,"Yup, but not always",Responsible,2
393,Female,Class of 2026,I am introverted,After Midnight (12AM),Away from the room,Relaxing/Sleeping,"Yup, but not always",Organized,1
394,Female,Class of 2026,Somewhere in between,Between 10PM and Midnight (12AM),In the room,Relaxing/Sleeping,"Not really, but I don't mind",Organized,12
395,Female,Class of 2027,Somewhere in between,Between 10PM and Midnight (12AM),In the room,Relaxing/Sleeping,Nope!,Organized,0
398,Female,Class of 2027,I am extroverted,Between 10PM and Midnight (12AM),In the room,Relaxing/Sleeping,"Yup, but not always",Organized,0
399,Female,Class of 2026,I am extroverted,Between 10PM and Midnight (12AM),In the room,Relaxing/Sleeping,"Not really, but I don't mind",Chill,12
401,Female,Class of 2026,Somewhere in between,After Midnight (12AM),In the room,Going for events on/off-campus,"Not really, but I don't mind",Fun,3
405,Female,Class of 2025,I am introverted,Between 10PM and Midnight (12AM),Away from the room,Relaxing/Sleeping,Nope!,Chill,8
406,Female,Class of 2025,I am introverted,After Midnight (12AM),In the room,Relaxing/Sleeping,"Yup, but not always",Organized,2
407,Female,Class of 2026,Somewhere in between,Between 10PM and Midnight (12AM),Away from the room,Relaxing/Sleeping,"Not really, but I don't mind",Friendly,9
408,Female,Class of 2027,Somewhere in between,Between 10PM and Midnight (12AM),In the room,Relaxing/Sleeping,"Yup, but not always",Chill,0
409,Female,Class of 2026,I am introverted,Between 10PM and Midnight (12AM),Away from the room,Relaxing/Sleeping,"Yup, but not always",Organized,16
410,Female,Class of 2027,I am introverted,Between 10PM and Midnight (12AM),Away from the room,Hanging out with friends,"Yup, but not always",Fun,6
411,Female,Class of 2027,I am extroverted,After Midnight (12AM),In the room,Hanging out with friends,"Not really, but I don't mind",Chill,5
412,Female,Class of 2026,I am introverted,After Midnight (12AM),Away from the room,Relaxing/Sleeping,"Yup, but not always",Chill,1
413,Female,Class of 2027,Somewhere in between,After Midnight (12AM),Away from the room,Hanging out with friends,"Yup, but not always",Chill,7
414,Female,Class of 2027,Somewhere in between,Between 10PM and Midnight (12AM),In the room,Relaxing/Sleeping,"Yup, but not always",Organized,0
415,Female,Class of 2027,Somewhere in between,10PM or earlier,In the room,Relaxing/Sleeping,"Yup, but not always",Organized,0
416,Female,Class of 2027,Somewhere in between,Between 10PM and Midnight (12AM),Away from the room,Hanging out with friends,"Yup, but not always",Friendly,0
417,Female,Class of 2027,I am extroverted,Between 10PM and Midnight (12AM),In the room,Relaxing/Sleeping,"Not really, but I don't mind",Unsociable ,10
418,Female,Class of 2026,Somewhere in between,Between 10PM and Midnight (12AM),Away from the room,Relaxing/Sleeping,"Not really, but I don't mind",Friendly,9
419,Female,Class of 2027,Somewhere in between,After Midnight (12AM),In the room,Relaxing/Sleeping,"Not really, but I don't mind",Friendly,14
420,Female,Class of 2027,I am extroverted,Between 10PM and Midnight (12AM),In the room,Hanging out with friends,"Yup, but not always",Friendly,0
421,Female,Class of 2027,I am introverted,After Midnight (12AM),In the room,Relaxing/Sleeping,"Yup, but not always",Organized,2
422,Female,Class of 2027,Somewhere in between,Between 10PM and Midnight (12AM),In the room,Hanging out with friends,"Yup, all the time",Responsible,6
423,Female,Class of 2025,Somewhere in between,After Midnight (12AM),Away from the room,Relaxing/Sleeping,Nope!,Organized,2
424,Female,Class of 2025,Somewhere in between,After Midnight (12AM),In the room,Relaxing/Sleeping,"Not really, but I don't mind",Fun,3
426,Female,Class of 2027,Somewhere in between,Between 10PM and Midnight (12AM),In the room,Relaxing/Sleeping,"Yup, but not always",Friendly,0
427,Female,Class of 2026,Somewhere in between,Between 10PM and Midnight (12AM),In the room,Relaxing/Sleeping,"Yup, but not always",Fun,13
429,Female,Class of 2026,Somewhere in between,After Midnight (12AM),In the room,Relaxing/Sleeping,Nope!,Responsible,11
430,Female,Class of 2027,I am introverted,After Midnight (12AM),In the room,Relaxing/Sleeping,Nope!,Responsible,4
431,Female,Class of 2026,Somewhere in between,Between 10PM and Midnight (12AM),In the room,Hanging out with friends,"Yup, but not always",Organized,16
432,Female,Class of 2027,I am extroverted,Between 10PM and Midnight (12AM),In the room,Hanging out with friends,"Yup, but not always",Fun,6
433,Female,Class of 2027,Somewhere in between,After Midnight (12AM),In the room,Relaxing/Sleeping,Nope!,Responsible,4
434,Female,Class of 2026,I am introverted,After Midnight (12AM),In the room,Relaxing/Sleeping,"Not really, but I don't mind",Organized,1
441,Female,Class of 2027,I am extroverted,Between 10PM and Midnight (12AM),In the room,Hanging out with friends,"Yup, but not always",Friendly,0
442,Female,Class of 2027,Somewhere in between,After Midnight (12AM),Away from the room,Relaxing/Sleeping,"Yup, but not always",Organized,7
444,Female,Class of 2025,I am extroverted,After Midnight (12AM),In the room,Relaxing/Sleeping,"Not really, but I don't mind",Responsible,3
445,Female,Class of 2027,Somewhere in between,Between 10PM and Midnight (12AM),Away from the room,Relaxing/Sleeping,"Not really, but I don't mind",Organized,9
449,Female,Class of 2027,Somewhere in between,After Midnight (12AM),Away from the room,Relaxing/Sleeping,Nope!,Organized,7
453,Female,Class of 2027,I am extroverted,Between 10PM and Midnight (12AM),In the room,Relaxing/Sleeping,"Not really, but I don't mind",Organized,10
454,Female,Class of 2027,I am introverted,Between 10PM and Midnight (12AM),In the room,Relaxing/Sleeping,Nope!,Organized,10
458,Female,Class of 2027,Somewhere in between,After Midnight (12AM),Away from the room,Relaxing/Sleeping,"Not really, but I don't mind",Friendly,14
462,Female,Class of 2026,I am introverted,Between 10PM and Midnight (12AM),In the room,Relaxing/Sleeping,"Not really, but I don't mind",Responsible,10
465,Female,Class of 2027,I am introverted,Between 10PM and Midnight (12AM),In the room,Relaxing/Sleeping,"Yup, but not always",Responsible,0
469,Female,Class of 2027,I am extroverted,After Midnight (12AM),In the room,Hanging out with friends,"Not really, but I don't mind",Fun,5
470,Female,Class of 2026,Somewhere in between,Between 10PM and Midnight (12AM),Away from the room,Relaxing/Sleeping,"Yup, but not always",Organized,16
473,Female,Class of 2026,Somewhere in between,After Midnight (12AM),In the room,Relaxing/Sleeping,"Yup, but not always",Friendly,11
474,Female,Class of 2026,Somewhere in between,After Midnight (12AM),Away from the room,Going for events on/off-campus,"Not really, but I don't mind",Friendly,9
475,Female,Class of 2026,I am introverted,After Midnight (12AM),Away from the room,Relaxing/Sleeping,"Not really, but I don't mind",Chill,1
481,Female,Class of 2025,Somewhere in between,Between 10PM and Midnight (12AM),In the room,Relaxing/Sleeping,"Yup, but not always",Organized,0
482,Female,Class of 2027,Somewhere in between,After Midnight (12AM),In the room,Relaxing/Sleeping,Nope!,Chill,4
483,Female,Class of 2025,Somewhere in between,After Midnight (12AM),In the room,Relaxing/Sleeping,"Yup, but not always",Friendly,0
484,Female,Class of 2026,I am introverted,After Midnight (12AM),In the room,Relaxing/Sleeping,"Yup, but not always",Responsible,11
485,Female,Class of 2026,I am introverted,After Midnight (12AM),In the room,Hanging out with friends,"Yup, but not always",Fun,13
486,Female,Class of 2026,I am introverted,After Midnight (12AM),In the room,Relaxing/Sleeping,"Yup, but not always",Organized,2
487,Female,Class of 2026,Somewhere in between,After Midnight (12AM),In the room,Relaxing/Sleeping,"Yup, all the time",Friendly,11
489,Female,Class of 2027,Somewhere in between,Between 10PM and Midnight (12AM),In the room,Relaxing/Sleeping,"Not really, but I don't mind",Chill,12
493,Female,Class of 2026,Somewhere in between,Between 10PM and Midnight (12AM),In the room,Hanging out with friends,"Yup, but not always",Organized,16
495,Female,Class of 2027,Somewhere in between,After Midnight (12AM),In the room,Relaxing/Sleeping,"Not really, but I don't mind",Friendly,14
497,Female,Class of 2026,I am extroverted,Between 10PM and Midnight (12AM),Away from the room,Relaxing/Sleeping,Nope!,Friendly,9
498,Female,Class of 2026,Somewhere in between,After Midnight (12AM),Away from the room,Relaxing/Sleeping,Nope!,Friendly,9
500,Female,Class of 2026,Somewhere in between,After Midnight (12AM),Away from the room,Relaxing/Sleeping,"Not really, but I don't mind",Organized,1
502,Female,Class of 2027,Somewhere in between,10PM or earlier,In the room,Relaxing/Sleeping,"Not really, but I don't mind",Responsible,0
503,Female,Class of 2027,I am introverted,Between 10PM and Midnight (12AM),Away from the room,Hanging out with friends,"Yup, but not always",Organized,6
504,Female,Class of 2027,I am introverted,Between 10PM and Midnight (12AM),In the room,Hanging out with friends,"Yup, all the time",Fun,6
